{"cameraMode":{"drawMode":0,"name":"Shaded","section":"Shading Mode"},"sceneLighting":false,"audioPlay":false,"sceneViewState":{"showFog":true,"showMaterialUpdate":false,"showSkybox":true,"showFlares":true,"showImageEffects":true,"showParticleSystems":true},"in2DMode":false,"pivot":{"x":-42.42203903198242,"y":21.485881805419923,"z":-3.7089667320251467},"rotation":{"x":-0.01916757971048355,"y":-0.961353063583374,"z":0.06933733075857163,"w":-0.2657555341720581},"size":3.3452341556549074,"orthographic":false}